0;"_GearCalcApp_mx_managers_SystemManager"
2;"DataGrid_headerBackgroundSkin"
4;"DataGrid_columnDropIndicatorSkin"
6;"Tab_overSkin"
8;"ButtonBar_buttonUpSkin"
10;"TabSelected_upSkin"
12;"ButtonBar_lastOverSkin"
15;"Loader_brokenImageSkin"
17;"MenuBar_itemOverSkin"
21;"DragManager_linkCursor"
23;"Menu_radioDisabledIcon"
25;"DataGrid_columnResizeSkin"
27;"ButtonBar_lastDownSkin"
29;"DragManager_defaultDragImageSkin"
31;"Tab_firstTab_selectedDisabledSkin"
33;"Menu_separatorSkin"
35;"VideoPlayerButton_upSkin"
37;"ButtonBar_lastUpSkin"
39;"Tab_firstTab_selectedUpSkin"
41;"DataGrid_sortArrowSkin"
43;"MenuBar_itemUpSkin"
45;"Menu_branchDisabledIcon"
47;"ButtonBar_buttonDownSkin"
49;"Title_secondary_backgroundSkin"
51;"ButtonBar_buttonOverSkin"
53;"ButtonBar_firstDownSkin"
55;"DataGrid_headerSeparatorSkin"
57;"ButtonBar_firstUpSkin"
59;"Panel_controlBarBackgroundSkin"
61;"ButtonBar_lastSelectedUpSkin"
63;"Title_backgroundSkin"
65;"FormItem_indicatorSkin"
67;"Tree_disclosureClosedIcon"
68;"DragManager_moveCursor"
70;"Menu_checkDisabledIcon"
72;"Panel_borderSkin"
74;"Menu_branchIcon"
76;"HScrollThumb_overSkin"
80;"BusyCursor"
82;"TabSelected_disabledSkin"
84;"ButtonBar_lastSelectedDisabledSkin"
86;"MenuBar_itemDownSkin"
88;"Tree_defaultLeafIcon"
90;"ButtonBar_lastDisabledSkin"
92;"HScrollThumb_downSkin"
95;"DragManager_rejectCursor"
97;"HScrollBar_thumbIcon"
99;"Tree_folderOpenIcon"
100;"Tab_upSkin"
102;"Menu_radioIcon"
104;"Tab_disabledSkin"
106;"MenuBar_backgroundSkin"
108;"ButtonBar_firstDisabledSkin"
110;"Menu_checkIcon"
112;"ButtonBar_firstSelectedUpSkin"
114;"ButtonBar_buttonSelectedDisabledSkin"
116;"Tree_disclosureOpenIcon"
117;"Tab_downSkin"
119;"ButtonBar_buttonDisabledSkin"
121;"ButtonBar_firstOverSkin"
123;"Tree_folderClosedIcon"
125;"ButtonBar_buttonSelectedUpSkin"
127;"ButtonBar_firstSelectedDisabledSkin"
129;"HScrollThumb_upSkin"
131;"DragManager_copyCursor"
133;"DataGrid_stretchCursor"
135;"Button_overSkin"
137;"Button_disabledSkin"
139;"Button_upSkin"
141;"Button_downSkin"
143;"BackgroundImage"
145;"CheckBox_selectedDownIcon"
147;"CheckBox_overIcon"
149;"CheckBox_disabledIcon"
151;"CheckBox_selectedDisabledIcon"
153;"CheckBox_selectedOverIcon"
155;"CheckBox_upIcon"
157;"CheckBox_downIcon"
159;"CheckBox_selectedUpIcon"
161;"RadioButton_overIcon"
163;"RadioButtonSelected_disabledIcon"
165;"RadioButtonSelected_downIcon"
167;"RadioButton_upIcon"
169;"RadioButton_downIcon"
171;"RadioButton_disabledIcon"
173;"RadioButtonSelected_upIcon"
175;"RadioButtonSelected_overIcon"
177;"Title_sparkGraphic_backgroundSkin"
179;"NumericStepperDownArrow_overSkin"
181;"NumericStepperDownArrow_upSkin"
183;"NumericStepperDownArrow_downSkin"
185;"NumericStepperDownArrow_disabledSkin"
187;"NumericStepperUpArrow_overSkin"
189;"NumericStepperUpArrow_downSkin"
191;"NumericStepperUpArrow_upSkin"
193;"NumericStepperUpArrow_disabledSkin"
195;"Panel_closeButtonOverSkin"
197;"Panel_closeButtonUpSkin"
199;"Panel_closeButtonDownSkin"
201;"Panel_closeButtonDisabledSkin"
203;"SliderTrack_Skin"
205;"SliderThumb_overSkin"
207;"SliderThumb_downSkin"
209;"SliderThumb_disabledSkin"
211;"SliderThumb_upSkin"
213;"ToolTip_borderSkin"
215;"ComboBoxArrow_overSkin"
217;"ComboBoxArrow_upSkin"
219;"ComboBoxArrow_downSkin"
221;"ComboBoxArrow_disabledSkin"
223;"ScrollTrack_disabledSkin"
225;"ScrollTrack_Skin"
227;"ScrollThumb_upSkin"
229;"ScrollThumb_downSkin"
231;"ScrollThumb_overSkin"
233;"ScrollBar_thumbIcon"
235;"ScrollArrowUp_upSkin"
237;"ScrollArrowUp_downSkin"
239;"ScrollArrowUp_overSkin"
241;"ScrollArrowUp_disabledSkin"
243;"ScrollArrowDown_upSkin"
245;"ScrollArrowDown_disabledSkin"
247;"ScrollArrowDown_downSkin"
249;"ScrollArrowDown_overSkin"
145;"zen.skins.CheckBoxSkin__embed_mxml__assets_flex_skins_swf_CheckBox_selectedDownIcon_693849445"
2;"_GearCalcApp_Styles__embed_css_assets_flex_skins_swf_DataGrid_headerBackgroundSkin_1761100351"
243;"zen.skins.ScrollBarLeftButtonSkin__embed_mxml__assets_flex_skins_swf_ScrollArrowDown_upSkin_248399076"
155;"zen.skins.CheckBoxSkin__embed_mxml__assets_flex_skins_swf_CheckBox_upIcon_1411304355"
4;"_GearCalcApp_Styles__embed_css_assets_flex_skins_swf_DataGrid_columnDropIndicatorSkin_372389924"
247;"zen.skins.ScrollBarLeftButtonSkin__embed_mxml__assets_flex_skins_swf_ScrollArrowDown_downSkin_1515481965"
250;"gearcalc.card.WeaponCard_claptrapRepeater"
233;"_GearCalcApp_Styles__embed_css_assets_flex_skins_swf_ScrollBar_thumbIcon_21015442"
233;"zen.skins.VScrollBarThumbSkin__embed_mxml__assets_flex_skins_swf_ScrollBar_thumbIcon_1542799927"
8;"_GearCalcApp_Styles__embed_css_assets_flex_skins_swf_ButtonBar_buttonUpSkin_900283596"
252;"_GearCalcApp_Styles__embed_css_assets_flex_skins_swf_ScrollThumb_downSkin_882824681"
143;"zen.skins.ApplicationSkin__embed_mxml__assets_flex_skins_swf_BackgroundImage_24191824"
181;"zen.skins.SpinnerDecrButtonSkin__embed_mxml__assets_flex_skins_swf_NumericStepperDownArrow_upSkin_1184619687"
10;"_GearCalcApp_Styles__embed_css_assets_flex_skins_swf_TabSelected_upSkin_747195647"
211;"zen.skins.HSliderThumbSkin__embed_mxml__assets_flex_skins_swf_SliderThumb_upSkin_1723161227"
169;"zen.skins.RadioButtonSkin__embed_mxml__assets_flex_skins_swf_RadioButton_downIcon_1882174256"
253;"gearcalc.card.CardPainter_shieldLine"
254;"gearcalc.card.WeaponCard_ammoSMG"
25;"_GearCalcApp_Styles__embed_css_assets_flex_skins_swf_DataGrid_columnResizeSkin_646951410"
257;"gearcalc.card.WeaponCard_logoTediore"
256;"_GearCalcApp_Styles__embed_css_assets_flex_skins_swf_ScrollThumb_upSkin_1204005014"
223;"zen.skins.VScrollBarTrackSkin__embed_mxml__assets_flex_skins_swf_ScrollTrack_disabledSkin_2081316669"
243;"_GearCalcApp_Styles__embed_css_assets_flex_skins_swf_ScrollArrowDown_upSkin_596008541"
207;"zen.skins.HSliderThumbSkin__embed_mxml__assets_flex_skins_swf_SliderThumb_downSkin_662543724"
239;"zen.skins.ScrollBarUpButtonSkin__embed_mxml__assets_flex_skins_swf_ScrollArrowUp_overSkin_73417028"
31;"_GearCalcApp_Styles__embed_css_assets_flex_skins_swf_Tab_firstTab_selectedDisabledSkin_632195560"
33;"_GearCalcApp_Styles__embed_css_assets_flex_skins_swf_Menu_separatorSkin_1968459546"
258;"gearcalc.card.WeaponCard_claptrapSmg"
35;"_GearCalcApp_Styles__embed_css_assets_flex_skins_swf_VideoPlayerButton_upSkin_1922602291"
247;"zen.skins.ScrollBarDownButtonSkin__embed_mxml__assets_flex_skins_swf_ScrollArrowDown_downSkin_1515481965"
259;"GearCalcApp_titleBar"
260;"gearcalc.card.WeaponCard_ammoRevolver"
39;"_GearCalcApp_Styles__embed_css_assets_flex_skins_swf_Tab_firstTab_selectedUpSkin_277041019"
261;"gearcalc.card.WeaponCard_claptrapLauncher"
247;"_GearCalcApp_Styles__embed_css_assets_flex_skins_swf_ScrollArrowDown_downSkin_14828332"
262;"gearcalc.card.WeaponCard_ammoSniper"
263;"gearcalc.card.WeaponCard_logoVladof"
47;"_GearCalcApp_Styles__embed_css_assets_flex_skins_swf_ButtonBar_buttonDownSkin_2087586679"
217;"zen.skins.DropDownListButtonSkin__embed_mxml__assets_flex_skins_swf_ComboBoxArrow_upSkin_255561806"
49;"_GearCalcApp_Styles__embed_css_assets_flex_skins_swf_Title_secondary_backgroundSkin_1767590561"
151;"zen.skins.CheckBoxSkin__embed_mxml__assets_flex_skins_swf_CheckBox_selectedDisabledIcon_95498191"
264;"gearcalc.card.CardPainter_symbols"
135;"zen.skins.ButtonSkin__embed_mxml__assets_flex_skins_swf_Button_overSkin_1981581663"
57;"_GearCalcApp_Styles__embed_css_assets_flex_skins_swf_ButtonBar_firstUpSkin_1742312946"
183;"zen.skins.SpinnerDecrButtonSkin__embed_mxml__assets_flex_skins_swf_NumericStepperDownArrow_downSkin_847962398"
63;"_GearCalcApp_Styles__embed_css_assets_flex_skins_swf_Title_backgroundSkin_1415592138"
61;"_GearCalcApp_Styles__embed_css_assets_flex_skins_swf_ButtonBar_lastSelectedUpSkin_1701570721"
265;"gearcalc.ElementalImage_incen1"
67;"_GearCalcApp_Styles__embed_css_assets_flex_skins_swf_Tree_disclosureClosedIcon_986492981"
267;"gearcalc.ElementalImage_incen2"
266;"gearcalc.ElementalImage_shock1"
70;"_GearCalcApp_Styles__embed_css_assets_flex_skins_swf_Menu_checkDisabledIcon_859453185"
269;"gearcalc.ElementalImage_shock2"
268;"gearcalc.ElementalImage_incen3"
273;"gearcalc.ElementalImage_shock3"
272;"gearcalc.ElementalImage_incen4"
271;"_GearCalcApp_Styles__embed_css_assets_flex_skins_swf_Button_downSkin_1738935344"
274;"gearcalc.ElementalImage_shock4"
175;"zen.skins.RadioButtonSkin__embed_mxml__assets_flex_skins_swf_RadioButtonSelected_overIcon_222897207"
237;"_GearCalcApp_Styles__embed_css_assets_flex_skins_swf_ScrollArrowUp_downSkin_139850753"
74;"_GearCalcApp_Styles__embed_css_assets_flex_skins_swf_Menu_branchIcon_119687293"
76;"_GearCalcApp_Styles__embed_css_assets_flex_skins_swf_HScrollThumb_overSkin_419954967"
275;"gearcalc.ElementalImage_explo2"
276;"gearcalc.ElementalImage_explo1"
197;"_GearCalcApp_Styles__embed_css_assets_flex_skins_swf_Panel_closeButtonUpSkin_1683096927"
277;"gearcalc.ElementalImage_explo4"
278;"gearcalc.ElementalImage_explo3"
161;"zen.skins.RadioButtonSkin__embed_mxml__assets_flex_skins_swf_RadioButton_overIcon_844522014"
84;"_GearCalcApp_Styles__embed_css_assets_flex_skins_swf_ButtonBar_lastSelectedDisabledSkin_1792189260"
279;"gearcalc.card.WeaponCard_ammoEridian"
280;"gearcalc.card.WeaponCard_ammoRifle"
282;"_GearCalcApp_Styles__embed_css_assets_flex_skins_swf_ToolTip_borderSkin_1469395353"
179;"zen.skins.SpinnerDecrButtonSkin__embed_mxml__assets_flex_skins_swf_NumericStepperDownArrow_overSkin_2130363664"
90;"_GearCalcApp_Styles__embed_css_assets_flex_skins_swf_ButtonBar_lastDisabledSkin_546799793"
283;"gearcalc.card.WeaponCard_ammoLauncher"
92;"_GearCalcApp_Styles__embed_css_assets_flex_skins_swf_HScrollThumb_downSkin_1214385503"
95;"_GearCalcApp_Styles__embed_css_assets_flex_skins_swf_DragManager_rejectCursor_497415389"
284;"gearcalc.card.WeaponCard_logoPangolin"
227;"zen.skins.HScrollBarThumbSkin__embed_mxml__assets_flex_skins_swf_ScrollThumb_upSkin_503155025"
97;"_GearCalcApp_Styles__embed_css_assets_flex_skins_swf_HScrollBar_thumbIcon_993202006"
99;"_GearCalcApp_Styles__embed_css_assets_flex_skins_swf_Tree_folderOpenIcon_266804310"
177;"zen.skins.PanelSkin__embed_mxml__assets_flex_skins_swf_Title_sparkGraphic_backgroundSkin_1479736731"
243;"zen.skins.ScrollBarDownButtonSkin__embed_mxml__assets_flex_skins_swf_ScrollArrowDown_upSkin_248399076"
285;"gearcalc.card.CardPainter_shieldSymbols"
108;"_GearCalcApp_Styles__embed_css_assets_flex_skins_swf_ButtonBar_firstDisabledSkin_342176813"
225;"zen.skins.HScrollBarTrackSkin__embed_mxml__assets_flex_skins_swf_ScrollTrack_Skin_2112218303"
167;"zen.skins.RadioButtonSkin__embed_mxml__assets_flex_skins_swf_RadioButton_upIcon_1685861081"
114;"_GearCalcApp_Styles__embed_css_assets_flex_skins_swf_ButtonBar_buttonSelectedDisabledSkin_1865777688"
286;"gearcalc.card.WeaponCard_ammoShotgun"
249;"_GearCalcApp_Styles__embed_css_assets_flex_skins_swf_ScrollArrowDown_overSkin_42720202"
119;"_GearCalcApp_Styles__embed_css_assets_flex_skins_swf_ButtonBar_buttonDisabledSkin_417342291"
237;"zen.skins.ScrollBarRightButtonSkin__embed_mxml__assets_flex_skins_swf_ScrollArrowUp_downSkin_1392154182"
287;"gearcalc.card.WeaponCard_claptrapShotgun"
290;"gearcalc.card.WeaponCard_logoHyperion"
289;"_GearCalcApp_Styles__embed_css_assets_flex_skins_swf_Button_upSkin_1459070951"
137;"zen.skins.ButtonSkin__embed_mxml__assets_flex_skins_swf_Button_disabledSkin_1144812665"
291;"gearcalc.card.WeaponCard_ammoRepeater"
129;"_GearCalcApp_Styles__embed_css_assets_flex_skins_swf_HScrollThumb_upSkin_1610360750"
292;"gearcalc.card.WeaponCard_claptrapRevolver"
131;"_GearCalcApp_Styles__embed_css_assets_flex_skins_swf_DragManager_copyCursor_1836222213"
149;"zen.skins.CheckBoxSkin__embed_mxml__assets_flex_skins_swf_CheckBox_disabledIcon_1681674500"
133;"_GearCalcApp_Styles__embed_css_assets_flex_skins_swf_DataGrid_stretchCursor_1985435984"
229;"zen.skins.HScrollBarThumbSkin__embed_mxml__assets_flex_skins_swf_ScrollThumb_downSkin_299287480"
215;"zen.skins.DropDownListButtonSkin__embed_mxml__assets_flex_skins_swf_ComboBoxArrow_overSkin_385345367"
195;"_GearCalcApp_Styles__embed_css_assets_flex_skins_swf_Panel_closeButtonOverSkin_1191065428"
203;"zen.skins.HSliderTrackSkin__embed_mxml__assets_flex_skins_swf_SliderTrack_Skin_1279550053"
235;"zen.skins.ScrollBarRightButtonSkin__embed_mxml__assets_flex_skins_swf_ScrollArrowUp_upSkin_849695181"
6;"_GearCalcApp_Styles__embed_css_assets_flex_skins_swf_Tab_overSkin_1403169405"
293;"GearCalcApp__embed_mxml_assets_blackgear_png_239058856"
229;"zen.skins.VScrollBarThumbSkin__embed_mxml__assets_flex_skins_swf_ScrollThumb_downSkin_299287480"
201;"_GearCalcApp_Styles__embed_css_assets_flex_skins_swf_Panel_closeButtonDisabledSkin_1381510836"
294;"gearcalc.card.WeaponCard_logoEridian"
213;"zen.skins.HSliderSkinInnerClass0__embed_mxml__assets_flex_skins_swf_ToolTip_borderSkin_220487768"
219;"zen.skins.DropDownListButtonSkin__embed_mxml__assets_flex_skins_swf_ComboBoxArrow_downSkin_1072803451"
249;"zen.skins.ScrollBarDownButtonSkin__embed_mxml__assets_flex_skins_swf_ScrollArrowDown_overSkin_802801243"
15;"_GearCalcApp_Styles__embed_css_assets_flex_skins_swf_Loader_brokenImageSkin_279515729"
12;"_GearCalcApp_Styles__embed_css_assets_flex_skins_swf_ButtonBar_lastOverSkin_49160473"
173;"zen.skins.RadioButtonSkin__embed_mxml__assets_flex_skins_swf_RadioButtonSelected_upIcon_1164205102"
17;"_GearCalcApp_Styles__embed_css_assets_flex_skins_swf_MenuBar_itemOverSkin_1333065"
21;"_GearCalcApp_Styles__embed_css_assets_flex_skins_swf_DragManager_linkCursor_153231282"
23;"_GearCalcApp_Styles__embed_css_assets_flex_skins_swf_Menu_radioDisabledIcon_183271036"
295;"gearcalc.card.CardPainter_willowFontCaps"
27;"_GearCalcApp_Styles__embed_css_assets_flex_skins_swf_ButtonBar_lastDownSkin_10251605"
29;"_GearCalcApp_Styles__embed_css_assets_flex_skins_swf_DragManager_defaultDragImageSkin_1075296973"
235;"zen.skins.ScrollBarUpButtonSkin__embed_mxml__assets_flex_skins_swf_ScrollArrowUp_upSkin_849695181"
296;"gearcalc.card.WeaponCard_claptrapEridian"
201;"zen.skins.TitleWindowCloseButtonSkin__embed_mxml__assets_flex_skins_swf_Panel_closeButtonDisabledSkin_1997668395"
37;"_GearCalcApp_Styles__embed_css_assets_flex_skins_swf_ButtonBar_lastUpSkin_40271056"
297;"gearcalc.card.WeaponCard_logoDahl"
298;"gearcalc.card.WeaponCard_claptrapSniper"
177;"zen.skins.TitleWindowSkin__embed_mxml__assets_flex_skins_swf_Title_sparkGraphic_backgroundSkin_1479736731"
241;"zen.skins.ScrollBarUpButtonSkin__embed_mxml__assets_flex_skins_swf_ScrollArrowUp_disabledSkin_817049748"
197;"zen.skins.TitleWindowCloseButtonSkin__embed_mxml__assets_flex_skins_swf_Panel_closeButtonUpSkin_963472410"
239;"zen.skins.ScrollBarRightButtonSkin__embed_mxml__assets_flex_skins_swf_ScrollArrowUp_overSkin_73417028"
299;"gearcalc.card.WeaponCard_logoMaliwan"
41;"_GearCalcApp_Styles__embed_css_assets_flex_skins_swf_DataGrid_sortArrowSkin_2093861507"
209;"zen.skins.HSliderThumbSkin__embed_mxml__assets_flex_skins_swf_SliderThumb_disabledSkin_643618474"
231;"zen.skins.VScrollBarThumbSkin__embed_mxml__assets_flex_skins_swf_ScrollThumb_overSkin_614485018"
43;"_GearCalcApp_Styles__embed_css_assets_flex_skins_swf_MenuBar_itemUpSkin_5912882"
193;"zen.skins.SpinnerIncrButtonSkin__embed_mxml__assets_flex_skins_swf_NumericStepperUpArrow_disabledSkin_203081647"
153;"zen.skins.CheckBoxSkin__embed_mxml__assets_flex_skins_swf_CheckBox_selectedOverIcon_1842650423"
45;"_GearCalcApp_Styles__embed_css_assets_flex_skins_swf_Menu_branchDisabledIcon_59635921"
241;"_GearCalcApp_Styles__embed_css_assets_flex_skins_swf_ScrollArrowUp_disabledSkin_1644478677"
300;"GearCalcApp__embed_mxml_assets_export_icon_png_773417480"
301;"gearcalc.card.WeaponCard_logoJakobs"
302;"gearcalc.card.WeaponCard_logoAnshin"
237;"zen.skins.ScrollBarUpButtonSkin__embed_mxml__assets_flex_skins_swf_ScrollArrowUp_downSkin_1392154182"
303;"gearcalc.card.WeaponCard_logoSandS"
51;"_GearCalcApp_Styles__embed_css_assets_flex_skins_swf_ButtonBar_buttonOverSkin_538682827"
53;"_GearCalcApp_Styles__embed_css_assets_flex_skins_swf_ButtonBar_firstDownSkin_1772411845"
225;"zen.skins.VScrollBarTrackSkin__embed_mxml__assets_flex_skins_swf_ScrollTrack_Skin_2112218303"
55;"_GearCalcApp_Styles__embed_css_assets_flex_skins_swf_DataGrid_headerSeparatorSkin_1398666306"
304;"gearcalc.card.WeaponCard_logoGearbox"
59;"_GearCalcApp_Styles__embed_css_assets_flex_skins_swf_Panel_controlBarBackgroundSkin_1316540192"
191;"zen.skins.SpinnerIncrButtonSkin__embed_mxml__assets_flex_skins_swf_NumericStepperUpArrow_upSkin_479455440"
165;"zen.skins.RadioButtonSkin__embed_mxml__assets_flex_skins_swf_RadioButtonSelected_downIcon_858876827"
139;"zen.skins.ButtonSkin__embed_mxml__assets_flex_skins_swf_Button_upSkin_1806154200"
65;"_GearCalcApp_Styles__embed_css_assets_flex_skins_swf_FormItem_indicatorSkin_1301671848"
68;"_GearCalcApp_Styles__embed_css_assets_flex_skins_swf_DragManager_moveCursor_962204015"
245;"_GearCalcApp_Styles__embed_css_assets_flex_skins_swf_ScrollArrowDown_disabledSkin_2119347426"
72;"_GearCalcApp_Styles__embed_css_assets_flex_skins_swf_Panel_borderSkin_1595774632"
227;"zen.skins.VScrollBarThumbSkin__embed_mxml__assets_flex_skins_swf_ScrollThumb_upSkin_503155025"
223;"zen.skins.HScrollBarTrackSkin__embed_mxml__assets_flex_skins_swf_ScrollTrack_disabledSkin_2081316669"
185;"zen.skins.SpinnerDecrButtonSkin__embed_mxml__assets_flex_skins_swf_NumericStepperDownArrow_disabledSkin_2128756232"
80;"_GearCalcApp_Styles__embed_css_assets_flex_skins_swf_BusyCursor_1785931113"
305;"gearcalc.card.WeaponCard_claptrapRifle"
307;"_GearCalcApp_Styles__embed_css_assets_flex_skins_swf_Button_overSkin_875298106"
141;"zen.skins.ButtonSkin__embed_mxml__assets_flex_skins_swf_Button_downSkin_1164452239"
82;"_GearCalcApp_Styles__embed_css_assets_flex_skins_swf_TabSelected_disabledSkin_1070682348"
189;"zen.skins.SpinnerIncrButtonSkin__embed_mxml__assets_flex_skins_swf_NumericStepperUpArrow_downSkin_104900327"
309;"_GearCalcApp_Styles__embed_css_assets_flex_skins_swf_Button_disabledSkin_1634918978"
235;"_GearCalcApp_Styles__embed_css_assets_flex_skins_swf_ScrollArrowUp_upSkin_275729268"
147;"zen.skins.CheckBoxSkin__embed_mxml__assets_flex_skins_swf_CheckBox_overIcon_1072910868"
311;"_GearCalcApp_Styles__embed_css_assets_flex_skins_swf_ScrollThumb_overSkin_2115069279"
86;"_GearCalcApp_Styles__embed_css_assets_flex_skins_swf_MenuBar_itemDownSkin_1669523007"
249;"zen.skins.ScrollBarLeftButtonSkin__embed_mxml__assets_flex_skins_swf_ScrollArrowDown_overSkin_802801243"
88;"_GearCalcApp_Styles__embed_css_assets_flex_skins_swf_Tree_defaultLeafIcon_1421473809"
312;"gearcalc.card.WeaponCard_claptrapShield"
314;"_GearCalcApp_Styles__embed_css_assets_flex_skins_swf_ScrollTrack_Skin_793821466"
239;"_GearCalcApp_Styles__embed_css_assets_flex_skins_swf_ScrollArrowUp_overSkin_1495292669"
221;"zen.skins.DropDownListButtonSkin__embed_mxml__assets_flex_skins_swf_ComboBoxArrow_disabledSkin_1032753297"
245;"zen.skins.ScrollBarLeftButtonSkin__embed_mxml__assets_flex_skins_swf_ScrollArrowDown_disabledSkin_661423293"
316;"_GearCalcApp_Styles__embed_css_assets_flex_skins_swf_ScrollTrack_disabledSkin_1498187166"
159;"zen.skins.CheckBoxSkin__embed_mxml__assets_flex_skins_swf_CheckBox_selectedUpIcon_781874478"
100;"_GearCalcApp_Styles__embed_css_assets_flex_skins_swf_Tab_upSkin_1140578662"
102;"_GearCalcApp_Styles__embed_css_assets_flex_skins_swf_Menu_radioIcon_1678351464"
104;"_GearCalcApp_Styles__embed_css_assets_flex_skins_swf_Tab_disabledSkin_1901873915"
106;"_GearCalcApp_Styles__embed_css_assets_flex_skins_swf_MenuBar_backgroundSkin_422825618"
110;"_GearCalcApp_Styles__embed_css_assets_flex_skins_swf_Menu_checkIcon_1452482229"
112;"_GearCalcApp_Styles__embed_css_assets_flex_skins_swf_ButtonBar_firstSelectedUpSkin_1131785607"
205;"zen.skins.HSliderThumbSkin__embed_mxml__assets_flex_skins_swf_SliderThumb_overSkin_2079862142"
116;"_GearCalcApp_Styles__embed_css_assets_flex_skins_swf_Tree_disclosureOpenIcon_153839195"
241;"zen.skins.ScrollBarRightButtonSkin__embed_mxml__assets_flex_skins_swf_ScrollArrowUp_disabledSkin_817049748"
117;"_GearCalcApp_Styles__embed_css_assets_flex_skins_swf_Tab_downSkin_1915160301"
231;"zen.skins.HScrollBarThumbSkin__embed_mxml__assets_flex_skins_swf_ScrollThumb_overSkin_614485018"
318;"gearcalc.card.WeaponCard_logoTorgue"
317;"gearcalc.card.CardPainter_blankCardClass"
121;"_GearCalcApp_Styles__embed_css_assets_flex_skins_swf_ButtonBar_firstOverSkin_606115141"
319;"gearcalc.ElementalImage_corr3"
320;"gearcalc.ElementalImage_corr4"
321;"gearcalc.ElementalImage_corr1"
322;"gearcalc.ElementalImage_corr2"
323;"gearcalc.card.WeaponCard_logoAtlas"
171;"zen.skins.RadioButtonSkin__embed_mxml__assets_flex_skins_swf_RadioButton_disabledIcon_1274514490"
163;"zen.skins.RadioButtonSkin__embed_mxml__assets_flex_skins_swf_RadioButtonSelected_disabledIcon_282724657"
199;"zen.skins.TitleWindowCloseButtonSkin__embed_mxml__assets_flex_skins_swf_Panel_closeButtonDownSkin_1068641711"
195;"zen.skins.TitleWindowCloseButtonSkin__embed_mxml__assets_flex_skins_swf_Panel_closeButtonOverSkin_482959891"
123;"_GearCalcApp_Styles__embed_css_assets_flex_skins_swf_Tree_folderClosedIcon_1426445048"
199;"_GearCalcApp_Styles__embed_css_assets_flex_skins_swf_Panel_closeButtonDownSkin_326363030"
127;"_GearCalcApp_Styles__embed_css_assets_flex_skins_swf_ButtonBar_firstSelectedDisabledSkin_1767694434"
125;"_GearCalcApp_Styles__embed_css_assets_flex_skins_swf_ButtonBar_buttonSelectedUpSkin_434177157"
233;"zen.skins.HScrollBarThumbSkin__embed_mxml__assets_flex_skins_swf_ScrollBar_thumbIcon_1542799927"
187;"zen.skins.SpinnerIncrButtonSkin__embed_mxml__assets_flex_skins_swf_NumericStepperUpArrow_overSkin_1524233913"
245;"zen.skins.ScrollBarDownButtonSkin__embed_mxml__assets_flex_skins_swf_ScrollArrowDown_disabledSkin_661423293"
157;"zen.skins.CheckBoxSkin__embed_mxml__assets_flex_skins_swf_CheckBox_downIcon_1783489494"
